Year,County,Vehicle_Miles,Country,State
2019,BAKER,311300000,USA,OREGON
2018,BAKER,309400000,USA,OREGON
2017,BAKER,297000000,USA,OREGON
2016,BAKER,295900000,USA,OREGON
2015,BAKER,282400000,USA,OREGON
2014,BAKER,262500000,USA,OREGON
2013,BAKER,259800000,USA,OREGON
2012,BAKER,255700000,USA,OREGON
2011,BAKER,254900000,USA,OREGON
2010,BAKER,262700000,USA,OREGON
2009,BAKER,258800000,USA,OREGON
2008,BAKER,253800000,USA,OREGON
2007,BAKER,274400000,USA,OREGON
2006,BAKER,271700000,USA,OREGON
2005,BAKER,270900000,USA,OREGON
2004,BAKER,265300000,USA,OREGON
2003,BAKER,270000000,USA,OREGON
2002,BAKER,265900000,USA,OREGON
2001,BAKER,264700000,USA,OREGON
2000,BAKER,263700000,USA,OREGON
1999,BAKER,260400000,USA,OREGON
1998,BAKER,251500000,USA,OREGON
1997,BAKER,251600000,USA,OREGON
1996,BAKER,236000000,USA,OREGON
1995,BAKER,244000000,USA,OREGON
1994,BAKER,234600000,USA,OREGON
1993,BAKER,228400000,USA,OREGON
1992,BAKER,227300000,USA,OREGON
1991,BAKER,203100000,USA,OREGON
2019,BENTON,262000000,USA,OREGON
2018,BENTON,263200000,USA,OREGON
2017,BENTON,253500000,USA,OREGON
2016,BENTON,252600000,USA,OREGON
2015,BENTON,250200000,USA,OREGON
2014,BENTON,237900000,USA,OREGON
2013,BENTON,238500000,USA,OREGON
2012,BENTON,246800000,USA,OREGON
2011,BENTON,241900000,USA,OREGON
2010,BENTON,240700000,USA,OREGON
2009,BENTON,239000000,USA,OREGON
2008,BENTON,239100000,USA,OREGON
2007,BENTON,256400000,USA,OREGON
2006,BENTON,258100000,USA,OREGON
2005,BENTON,255900000,USA,OREGON
2004,BENTON,261900000,USA,OREGON
2003,BENTON,263800000,USA,OREGON
2002,BENTON,260500000,USA,OREGON
2001,BENTON,256800000,USA,OREGON
2000,BENTON,254800000,USA,OREGON
1999,BENTON,258200000,USA,OREGON
1998,BENTON,253300000,USA,OREGON
1997,BENTON,251100000,USA,OREGON
1996,BENTON,233800000,USA,OREGON
1995,BENTON,226100000,USA,OREGON
1994,BENTON,224300000,USA,OREGON
1993,BENTON,222800000,USA,OREGON
1992,BENTON,222400000,USA,OREGON
1991,BENTON,218200000,USA,OREGON
2019,CLACKAMAS,1866000000,USA,OREGON
2018,CLACKAMAS,1887600000,USA,OREGON
2017,CLACKAMAS,1894500000,USA,OREGON
2016,CLACKAMAS,1892100000,USA,OREGON
2015,CLACKAMAS,1827600000,USA,OREGON
2014,CLACKAMAS,1771900000,USA,OREGON
2013,CLACKAMAS,1749000000,USA,OREGON
2012,CLACKAMAS,1754100000,USA,OREGON
2011,CLACKAMAS,1758500000,USA,OREGON
2010,CLACKAMAS,1768500000,USA,OREGON
2009,CLACKAMAS,1692100000,USA,OREGON
2008,CLACKAMAS,1667700000,USA,OREGON
2007,CLACKAMAS,1768300000,USA,OREGON
2006,CLACKAMAS,1778200000,USA,OREGON
2005,CLACKAMAS,1750300000,USA,OREGON
2004,CLACKAMAS,1742600000,USA,OREGON
2003,CLACKAMAS,1762000000,USA,OREGON
2002,CLACKAMAS,1760000000,USA,OREGON
2001,CLACKAMAS,1720800000,USA,OREGON
2000,CLACKAMAS,1721300000,USA,OREGON
1999,CLACKAMAS,1680400000,USA,OREGON
1998,CLACKAMAS,1644700000,USA,OREGON
1997,CLACKAMAS,1631700000,USA,OREGON
1996,CLACKAMAS,1567400000,USA,OREGON
1995,CLACKAMAS,1515600000,USA,OREGON
1994,CLACKAMAS,1486200000,USA,OREGON
1993,CLACKAMAS,1428700000,USA,OREGON
1992,CLACKAMAS,1410600000,USA,OREGON
1991,CLACKAMAS,1369600000,USA,OREGON
2019,CLATSOP,374500000,USA,OREGON
2018,CLATSOP,369100000,USA,OREGON
2017,CLATSOP,366100000,USA,OREGON
2016,CLATSOP,375000000,USA,OREGON
2015,CLATSOP,361100000,USA,OREGON
2014,CLATSOP,344700000,USA,OREGON
2013,CLATSOP,337700000,USA,OREGON
2012,CLATSOP,330500000,USA,OREGON
2011,CLATSOP,317700000,USA,OREGON
2010,CLATSOP,325500000,USA,OREGON
2009,CLATSOP,344000000,USA,OREGON
2008,CLATSOP,333600000,USA,OREGON
2007,CLATSOP,343600000,USA,OREGON
2006,CLATSOP,343000000,USA,OREGON
2005,CLATSOP,335200000,USA,OREGON
2004,CLATSOP,347700000,USA,OREGON
2003,CLATSOP,341900000,USA,OREGON
2002,CLATSOP,334100000,USA,OREGON
2001,CLATSOP,327400000,USA,OREGON
2000,CLATSOP,319800000,USA,OREGON
1999,CLATSOP,319300000,USA,OREGON
1998,CLATSOP,317500000,USA,OREGON
1997,CLATSOP,313300000,USA,OREGON
1996,CLATSOP,299300000,USA,OREGON
1995,CLATSOP,287800000,USA,OREGON
1994,CLATSOP,280600000,USA,OREGON
1993,CLATSOP,284400000,USA,OREGON
1992,CLATSOP,269400000,USA,OREGON
1991,CLATSOP,271300000,USA,OREGON
2019,COLUMBIA,279400000,USA,OREGON
2018,COLUMBIA,263000000,USA,OREGON
2017,COLUMBIA,255500000,USA,OREGON
2016,COLUMBIA,250400000,USA,OREGON
2015,COLUMBIA,242000000,USA,OREGON
2014,COLUMBIA,229700000,USA,OREGON
2013,COLUMBIA,235200000,USA,OREGON
2012,COLUMBIA,232600000,USA,OREGON
2011,COLUMBIA,237000000,USA,OREGON
2010,COLUMBIA,242200000,USA,OREGON
2009,COLUMBIA,251100000,USA,OREGON
2008,COLUMBIA,247500000,USA,OREGON
2007,COLUMBIA,265400000,USA,OREGON
2006,COLUMBIA,257100000,USA,OREGON
2005,COLUMBIA,246300000,USA,OREGON
2004,COLUMBIA,241300000,USA,OREGON
2003,COLUMBIA,254500000,USA,OREGON
2002,COLUMBIA,253700000,USA,OREGON
2001,COLUMBIA,248000000,USA,OREGON
2000,COLUMBIA,248300000,USA,OREGON
1999,COLUMBIA,244900000,USA,OREGON
1998,COLUMBIA,239400000,USA,OREGON
1997,COLUMBIA,233500000,USA,OREGON
1996,COLUMBIA,226700000,USA,OREGON
1995,COLUMBIA,222600000,USA,OREGON
1994,COLUMBIA,205400000,USA,OREGON
1993,COLUMBIA,198400000,USA,OREGON
1992,COLUMBIA,199000000,USA,OREGON
1991,COLUMBIA,203700000,USA,OREGON
2019,COOS,316300000,USA,OREGON
2018,COOS,319000000,USA,OREGON
2017,COOS,299700000,USA,OREGON
2016,COOS,298000000,USA,OREGON
2015,COOS,288000000,USA,OREGON
2014,COOS,295600000,USA,OREGON
2013,COOS,289400000,USA,OREGON
2012,COOS,288300000,USA,OREGON
2011,COOS,277600000,USA,OREGON
2010,COOS,284800000,USA,OREGON
2009,COOS,286100000,USA,OREGON
2008,COOS,311300000,USA,OREGON
2007,COOS,334300000,USA,OREGON
2006,COOS,341100000,USA,OREGON
2005,COOS,345700000,USA,OREGON
2004,COOS,349500000,USA,OREGON
2003,COOS,346800000,USA,OREGON
2002,COOS,341400000,USA,OREGON
2001,COOS,335700000,USA,OREGON
2000,COOS,332100000,USA,OREGON
1999,COOS,378100000,USA,OREGON
1998,COOS,373600000,USA,OREGON
1997,COOS,373700000,USA,OREGON
1996,COOS,359900000,USA,OREGON
1995,COOS,351400000,USA,OREGON
1994,COOS,347700000,USA,OREGON
1993,COOS,369900000,USA,OREGON
1992,COOS,375200000,USA,OREGON
1991,COOS,381300000,USA,OREGON
2019,CROOK,118200000,USA,OREGON
2018,CROOK,115800000,USA,OREGON
2017,CROOK,113700000,USA,OREGON
2016,CROOK,111500000,USA,OREGON
2015,CROOK,102600000,USA,OREGON
2014,CROOK,100800000,USA,OREGON
2013,CROOK,98300000,USA,OREGON
2012,CROOK,93800000,USA,OREGON
2011,CROOK,90000000,USA,OREGON
2010,CROOK,92000000,USA,OREGON
2009,CROOK,91900000,USA,OREGON
2008,CROOK,92100000,USA,OREGON
2007,CROOK,97700000,USA,OREGON
2006,CROOK,98500000,USA,OREGON
2005,CROOK,96600000,USA,OREGON
2004,CROOK,106700000,USA,OREGON
2003,CROOK,105500000,USA,OREGON
2002,CROOK,108800000,USA,OREGON
2001,CROOK,107300000,USA,OREGON
2000,CROOK,105700000,USA,OREGON
1999,CROOK,94800000,USA,OREGON
1998,CROOK,93100000,USA,OREGON
1997,CROOK,91400000,USA,OREGON
1996,CROOK,89000000,USA,OREGON
1995,CROOK,85200000,USA,OREGON
1994,CROOK,85100000,USA,OREGON
1993,CROOK,86700000,USA,OREGON
1992,CROOK,85800000,USA,OREGON
1991,CROOK,84200000,USA,OREGON
2019,CURRY,127900000,USA,OREGON
2018,CURRY,130700000,USA,OREGON
2017,CURRY,131000000,USA,OREGON
2016,CURRY,130000000,USA,OREGON
2015,CURRY,126000000,USA,OREGON
2014,CURRY,119600000,USA,OREGON
2013,CURRY,117600000,USA,OREGON
2012,CURRY,115500000,USA,OREGON
2011,CURRY,114100000,USA,OREGON
2010,CURRY,118500000,USA,OREGON
2009,CURRY,118800000,USA,OREGON
2008,CURRY,121000000,USA,OREGON
2007,CURRY,128100000,USA,OREGON
2006,CURRY,130400000,USA,OREGON
2005,CURRY,140700000,USA,OREGON
2004,CURRY,144800000,USA,OREGON
2003,CURRY,137500000,USA,OREGON
2002,CURRY,132400000,USA,OREGON
2001,CURRY,131300000,USA,OREGON
2000,CURRY,129700000,USA,OREGON
1999,CURRY,140400000,USA,OREGON
1998,CURRY,138400000,USA,OREGON
1997,CURRY,138500000,USA,OREGON
1996,CURRY,139000000,USA,OREGON
1995,CURRY,136800000,USA,OREGON
1994,CURRY,139900000,USA,OREGON
1993,CURRY,142700000,USA,OREGON
1992,CURRY,140300000,USA,OREGON
1991,CURRY,135200000,USA,OREGON
2019,DESCHUTES,759800000,USA,OREGON
2018,DESCHUTES,760100000,USA,OREGON
2017,DESCHUTES,732500000,USA,OREGON
2016,DESCHUTES,721200000,USA,OREGON
2015,DESCHUTES,674600000,USA,OREGON
2014,DESCHUTES,655000000,USA,OREGON
2013,DESCHUTES,643600000,USA,OREGON
2012,DESCHUTES,618600000,USA,OREGON
2011,DESCHUTES,627600000,USA,OREGON
2010,DESCHUTES,634600000,USA,OREGON
2009,DESCHUTES,629800000,USA,OREGON
2008,DESCHUTES,644600000,USA,OREGON
2007,DESCHUTES,713500000,USA,OREGON
2006,DESCHUTES,709800000,USA,OREGON
2005,DESCHUTES,696100000,USA,OREGON
2004,DESCHUTES,681900000,USA,OREGON
2003,DESCHUTES,652900000,USA,OREGON
2002,DESCHUTES,669500000,USA,OREGON
2001,DESCHUTES,610300000,USA,OREGON
2000,DESCHUTES,602200000,USA,OREGON
1999,DESCHUTES,593300000,USA,OREGON
1998,DESCHUTES,582600000,USA,OREGON
1997,DESCHUTES,546000000,USA,OREGON
1996,DESCHUTES,537200000,USA,OREGON
1995,DESCHUTES,531700000,USA,OREGON
1994,DESCHUTES,524700000,USA,OREGON
1993,DESCHUTES,495300000,USA,OREGON
1992,DESCHUTES,488600000,USA,OREGON
1991,DESCHUTES,481600000,USA,OREGON
2019,DOUGLAS,1149700000,USA,OREGON
2018,DOUGLAS,1142200000,USA,OREGON
2017,DOUGLAS,1136200000,USA,OREGON
2016,DOUGLAS,1126500000,USA,OREGON
2015,DOUGLAS,1090100000,USA,OREGON
2014,DOUGLAS,1039900000,USA,OREGON
2013,DOUGLAS,1035400000,USA,OREGON
2012,DOUGLAS,1022200000,USA,OREGON
2011,DOUGLAS,1032800000,USA,OREGON
2010,DOUGLAS,1040700000,USA,OREGON
2009,DOUGLAS,1069700000,USA,OREGON
2008,DOUGLAS,1045500000,USA,OREGON
2007,DOUGLAS,1148000000,USA,OREGON
2006,DOUGLAS,1153900000,USA,OREGON
2005,DOUGLAS,1151000000,USA,OREGON
2004,DOUGLAS,1171100000,USA,OREGON
2003,DOUGLAS,1153400000,USA,OREGON
2002,DOUGLAS,1118200000,USA,OREGON
2001,DOUGLAS,1083500000,USA,OREGON
2000,DOUGLAS,1127600000,USA,OREGON
1999,DOUGLAS,1107900000,USA,OREGON
1998,DOUGLAS,1086100000,USA,OREGON
1997,DOUGLAS,1070500000,USA,OREGON
1996,DOUGLAS,1041500000,USA,OREGON
1995,DOUGLAS,1036100000,USA,OREGON
1994,DOUGLAS,1027000000,USA,OREGON
1993,DOUGLAS,1027700000,USA,OREGON
1992,DOUGLAS,990300000,USA,OREGON
1991,DOUGLAS,982500000,USA,OREGON
2019,GILLIAM,177000000,USA,OREGON
2018,GILLIAM,177600000,USA,OREGON
2017,GILLIAM,170200000,USA,OREGON
2016,GILLIAM,172900000,USA,OREGON
2015,GILLIAM,163100000,USA,OREGON
2014,GILLIAM,150700000,USA,OREGON
2013,GILLIAM,148700000,USA,OREGON
2012,GILLIAM,146300000,USA,OREGON
2011,GILLIAM,146400000,USA,OREGON
2010,GILLIAM,149700000,USA,OREGON
2009,GILLIAM,147200000,USA,OREGON
2008,GILLIAM,146500000,USA,OREGON
2007,GILLIAM,151300000,USA,OREGON
2006,GILLIAM,151600000,USA,OREGON
2005,GILLIAM,155200000,USA,OREGON
2004,GILLIAM,151200000,USA,OREGON
2003,GILLIAM,151900000,USA,OREGON
2002,GILLIAM,151600000,USA,OREGON
2001,GILLIAM,148700000,USA,OREGON
2000,GILLIAM,147500000,USA,OREGON
1999,GILLIAM,149000000,USA,OREGON
1998,GILLIAM,143300000,USA,OREGON
1997,GILLIAM,140700000,USA,OREGON
1996,GILLIAM,133800000,USA,OREGON
1995,GILLIAM,137000000,USA,OREGON
1994,GILLIAM,132000000,USA,OREGON
1993,GILLIAM,129400000,USA,OREGON
1992,GILLIAM,130900000,USA,OREGON
1991,GILLIAM,121500000,USA,OREGON
2019,GRANT,57700000,USA,OREGON
2018,GRANT,58300000,USA,OREGON
2017,GRANT,60200000,USA,OREGON
2016,GRANT,59000000,USA,OREGON
2015,GRANT,57100000,USA,OREGON
2014,GRANT,58900000,USA,OREGON
2013,GRANT,53800000,USA,OREGON
2012,GRANT,54500000,USA,OREGON
2011,GRANT,54700000,USA,OREGON
2010,GRANT,59000000,USA,OREGON
2009,GRANT,58400000,USA,OREGON
2008,GRANT,54200000,USA,OREGON
2007,GRANT,60100000,USA,OREGON
2006,GRANT,62000000,USA,OREGON
2005,GRANT,64600000,USA,OREGON
2004,GRANT,69600000,USA,OREGON
2003,GRANT,71100000,USA,OREGON
2002,GRANT,72200000,USA,OREGON
2001,GRANT,71800000,USA,OREGON
2000,GRANT,71300000,USA,OREGON
1999,GRANT,76600000,USA,OREGON
1998,GRANT,76400000,USA,OREGON
1997,GRANT,76200000,USA,OREGON
1996,GRANT,77100000,USA,OREGON
1995,GRANT,78800000,USA,OREGON
1994,GRANT,82800000,USA,OREGON
1993,GRANT,69400000,USA,OREGON
1992,GRANT,68500000,USA,OREGON
1991,GRANT,62600000,USA,OREGON
2019,HARNEY,92900000,USA,OREGON
2018,HARNEY,90200000,USA,OREGON
2017,HARNEY,86700000,USA,OREGON
2016,HARNEY,84600000,USA,OREGON
2015,HARNEY,79600000,USA,OREGON
2014,HARNEY,75500000,USA,OREGON
2013,HARNEY,72600000,USA,OREGON
2012,HARNEY,73000000,USA,OREGON
2011,HARNEY,78400000,USA,OREGON
2010,HARNEY,79900000,USA,OREGON
2009,HARNEY,81700000,USA,OREGON
2008,HARNEY,77900000,USA,OREGON
2007,HARNEY,86100000,USA,OREGON
2006,HARNEY,83800000,USA,OREGON
2005,HARNEY,85100000,USA,OREGON
2004,HARNEY,87500000,USA,OREGON
2003,HARNEY,86100000,USA,OREGON
2002,HARNEY,89400000,USA,OREGON
2001,HARNEY,90200000,USA,OREGON
2000,HARNEY,91500000,USA,OREGON
1999,HARNEY,97700000,USA,OREGON
1998,HARNEY,97400000,USA,OREGON
1997,HARNEY,94800000,USA,OREGON
1996,HARNEY,87000000,USA,OREGON
1995,HARNEY,92500000,USA,OREGON
1994,HARNEY,92600000,USA,OREGON
1993,HARNEY,83800000,USA,OREGON
1992,HARNEY,83400000,USA,OREGON
1991,HARNEY,73900000,USA,OREGON
2019,HOOD RIVER,351200000,USA,OREGON
2018,HOOD RIVER,340800000,USA,OREGON
2017,HOOD RIVER,315500000,USA,OREGON
2016,HOOD RIVER,324000000,USA,OREGON
2015,HOOD RIVER,306300000,USA,OREGON
2014,HOOD RIVER,288600000,USA,OREGON
2013,HOOD RIVER,278800000,USA,OREGON
2012,HOOD RIVER,277000000,USA,OREGON
2011,HOOD RIVER,277800000,USA,OREGON
2010,HOOD RIVER,297400000,USA,OREGON
2009,HOOD RIVER,297400000,USA,OREGON
2008,HOOD RIVER,286600000,USA,OREGON
2007,HOOD RIVER,290000000,USA,OREGON
2006,HOOD RIVER,284400000,USA,OREGON
2005,HOOD RIVER,278100000,USA,OREGON
2004,HOOD RIVER,262600000,USA,OREGON
2003,HOOD RIVER,266400000,USA,OREGON
2002,HOOD RIVER,264000000,USA,OREGON
2001,HOOD RIVER,271500000,USA,OREGON
2000,HOOD RIVER,269800000,USA,OREGON
1999,HOOD RIVER,274800000,USA,OREGON
1998,HOOD RIVER,245100000,USA,OREGON
1997,HOOD RIVER,234700000,USA,OREGON
1996,HOOD RIVER,235100000,USA,OREGON
1995,HOOD RIVER,258600000,USA,OREGON
1994,HOOD RIVER,251300000,USA,OREGON
1993,HOOD RIVER,233000000,USA,OREGON
1992,HOOD RIVER,228900000,USA,OREGON
1991,HOOD RIVER,244800000,USA,OREGON
2019,JACKSON,1016900000,USA,OREGON
2018,JACKSON,997100000,USA,OREGON
2017,JACKSON,1009100000,USA,OREGON
2016,JACKSON,1005400000,USA,OREGON
2015,JACKSON,952600000,USA,OREGON
2014,JACKSON,891900000,USA,OREGON
2013,JACKSON,878000000,USA,OREGON
2012,JACKSON,876400000,USA,OREGON
2011,JACKSON,884900000,USA,OREGON
2010,JACKSON,902000000,USA,OREGON
2009,JACKSON,925000000,USA,OREGON
2008,JACKSON,885800000,USA,OREGON
2007,JACKSON,958600000,USA,OREGON
2006,JACKSON,959000000,USA,OREGON
2005,JACKSON,966100000,USA,OREGON
2004,JACKSON,993900000,USA,OREGON
2003,JACKSON,983800000,USA,OREGON
2002,JACKSON,985000000,USA,OREGON
2001,JACKSON,974900000,USA,OREGON
2000,JACKSON,980300000,USA,OREGON
1999,JACKSON,960400000,USA,OREGON
1998,JACKSON,922200000,USA,OREGON
1997,JACKSON,896100000,USA,OREGON
1996,JACKSON,872300000,USA,OREGON
1995,JACKSON,868700000,USA,OREGON
1994,JACKSON,861500000,USA,OREGON
1993,JACKSON,839600000,USA,OREGON
1992,JACKSON,834300000,USA,OREGON
1991,JACKSON,819000000,USA,OREGON
2019,JEFFERSON,205400000,USA,OREGON
2018,JEFFERSON,203900000,USA,OREGON
2017,JEFFERSON,208600000,USA,OREGON
2016,JEFFERSON,211400000,USA,OREGON
2015,JEFFERSON,202500000,USA,OREGON
2014,JEFFERSON,198900000,USA,OREGON
2013,JEFFERSON,193700000,USA,OREGON
2012,JEFFERSON,188500000,USA,OREGON
2011,JEFFERSON,185500000,USA,OREGON
2010,JEFFERSON,187200000,USA,OREGON
2009,JEFFERSON,182700000,USA,OREGON
2008,JEFFERSON,183700000,USA,OREGON
2007,JEFFERSON,191900000,USA,OREGON
2006,JEFFERSON,189300000,USA,OREGON
2005,JEFFERSON,187500000,USA,OREGON
2004,JEFFERSON,191100000,USA,OREGON
2003,JEFFERSON,185500000,USA,OREGON
2002,JEFFERSON,184500000,USA,OREGON
2001,JEFFERSON,180200000,USA,OREGON
2000,JEFFERSON,182900000,USA,OREGON
1999,JEFFERSON,181800000,USA,OREGON
1998,JEFFERSON,177100000,USA,OREGON
1997,JEFFERSON,171900000,USA,OREGON
1996,JEFFERSON,161800000,USA,OREGON
1995,JEFFERSON,162700000,USA,OREGON
1994,JEFFERSON,161600000,USA,OREGON
1993,JEFFERSON,152300000,USA,OREGON
1992,JEFFERSON,147700000,USA,OREGON
1991,JEFFERSON,145100000,USA,OREGON
2019,JOSEPHINE,514800000,USA,OREGON
2018,JOSEPHINE,518200000,USA,OREGON
2017,JOSEPHINE,518100000,USA,OREGON
2016,JOSEPHINE,507300000,USA,OREGON
2015,JOSEPHINE,479900000,USA,OREGON
2014,JOSEPHINE,464700000,USA,OREGON
2013,JOSEPHINE,455000000,USA,OREGON
2012,JOSEPHINE,446900000,USA,OREGON
2011,JOSEPHINE,449200000,USA,OREGON
2010,JOSEPHINE,467500000,USA,OREGON
2009,JOSEPHINE,476400000,USA,OREGON
2008,JOSEPHINE,456600000,USA,OREGON
2007,JOSEPHINE,494900000,USA,OREGON
2006,JOSEPHINE,502900000,USA,OREGON
2005,JOSEPHINE,514000000,USA,OREGON
2004,JOSEPHINE,520800000,USA,OREGON
2003,JOSEPHINE,512200000,USA,OREGON
2002,JOSEPHINE,509200000,USA,OREGON
2001,JOSEPHINE,499200000,USA,OREGON
2000,JOSEPHINE,489900000,USA,OREGON
1999,JOSEPHINE,471500000,USA,OREGON
1998,JOSEPHINE,457100000,USA,OREGON
1997,JOSEPHINE,450000000,USA,OREGON
1996,JOSEPHINE,439500000,USA,OREGON
1995,JOSEPHINE,439400000,USA,OREGON
1994,JOSEPHINE,430200000,USA,OREGON
1993,JOSEPHINE,432800000,USA,OREGON
1992,JOSEPHINE,419100000,USA,OREGON
1991,JOSEPHINE,414100000,USA,OREGON
2019,KLAMATH,484300000,USA,OREGON
2018,KLAMATH,496200000,USA,OREGON
2017,KLAMATH,486500000,USA,OREGON
2016,KLAMATH,476500000,USA,OREGON
2015,KLAMATH,457900000,USA,OREGON
2014,KLAMATH,436500000,USA,OREGON
2013,KLAMATH,428400000,USA,OREGON
2012,KLAMATH,420000000,USA,OREGON
2011,KLAMATH,423600000,USA,OREGON
2010,KLAMATH,428800000,USA,OREGON
2009,KLAMATH,425600000,USA,OREGON
2008,KLAMATH,416700000,USA,OREGON
2007,KLAMATH,447400000,USA,OREGON
2006,KLAMATH,451800000,USA,OREGON
2005,KLAMATH,474200000,USA,OREGON
2004,KLAMATH,482500000,USA,OREGON
2003,KLAMATH,490100000,USA,OREGON
2002,KLAMATH,487500000,USA,OREGON
2001,KLAMATH,485500000,USA,OREGON
2000,KLAMATH,482400000,USA,OREGON
1999,KLAMATH,475600000,USA,OREGON
1998,KLAMATH,477000000,USA,OREGON
1997,KLAMATH,463000000,USA,OREGON
1996,KLAMATH,454400000,USA,OREGON
1995,KLAMATH,462200000,USA,OREGON
1994,KLAMATH,456000000,USA,OREGON
1993,KLAMATH,453600000,USA,OREGON
1992,KLAMATH,456100000,USA,OREGON
1991,KLAMATH,440300000,USA,OREGON
2019,LAKE,71600000,USA,OREGON
2018,LAKE,70800000,USA,OREGON
2017,LAKE,70300000,USA,OREGON
2016,LAKE,68800000,USA,OREGON
2015,LAKE,71500000,USA,OREGON
2014,LAKE,65800000,USA,OREGON
2013,LAKE,65700000,USA,OREGON
2012,LAKE,65200000,USA,OREGON
2011,LAKE,67400000,USA,OREGON
2010,LAKE,69400000,USA,OREGON
2009,LAKE,68300000,USA,OREGON
2008,LAKE,63700000,USA,OREGON
2007,LAKE,71500000,USA,OREGON
2006,LAKE,71000000,USA,OREGON
2005,LAKE,73200000,USA,OREGON
2004,LAKE,77100000,USA,OREGON
2003,LAKE,73900000,USA,OREGON
2002,LAKE,74400000,USA,OREGON
2001,LAKE,71800000,USA,OREGON
2000,LAKE,80700000,USA,OREGON
1999,LAKE,80800000,USA,OREGON
1998,LAKE,79300000,USA,OREGON
1997,LAKE,79700000,USA,OREGON
1996,LAKE,78100000,USA,OREGON
1995,LAKE,84300000,USA,OREGON
1994,LAKE,78100000,USA,OREGON
1993,LAKE,79400000,USA,OREGON
1992,LAKE,79100000,USA,OREGON
1991,LAKE,75400000,USA,OREGON
2019,LANE,1595100000,USA,OREGON
2018,LANE,1571300000,USA,OREGON
2017,LANE,1645500000,USA,OREGON
2016,LANE,1612700000,USA,OREGON
2015,LANE,1547100000,USA,OREGON
2014,LANE,1475100000,USA,OREGON
2013,LANE,1455000000,USA,OREGON
2012,LANE,1453100000,USA,OREGON
2011,LANE,1462600000,USA,OREGON
2010,LANE,1509700000,USA,OREGON
2009,LANE,1532500000,USA,OREGON
2008,LANE,1494200000,USA,OREGON
2007,LANE,1587900000,USA,OREGON
2006,LANE,1609300000,USA,OREGON
2005,LANE,1653700000,USA,OREGON
2004,LANE,1643600000,USA,OREGON
2003,LANE,1661600000,USA,OREGON
2002,LANE,1632700000,USA,OREGON
2001,LANE,1630100000,USA,OREGON
2000,LANE,1616500000,USA,OREGON
1999,LANE,1605700000,USA,OREGON
1998,LANE,1508900000,USA,OREGON
1997,LANE,1509500000,USA,OREGON
1996,LANE,1476000000,USA,OREGON
1995,LANE,1432700000,USA,OREGON
1994,LANE,1396400000,USA,OREGON
1993,LANE,1357600000,USA,OREGON
1992,LANE,1309000000,USA,OREGON
1991,LANE,1310900000,USA,OREGON
2019,LINCOLN,386100000,USA,OREGON
2018,LINCOLN,385500000,USA,OREGON
2017,LINCOLN,356100000,USA,OREGON
2016,LINCOLN,362600000,USA,OREGON
2015,LINCOLN,365700000,USA,OREGON
2014,LINCOLN,370200000,USA,OREGON
2013,LINCOLN,367000000,USA,OREGON
2012,LINCOLN,365800000,USA,OREGON
2011,LINCOLN,340800000,USA,OREGON
2010,LINCOLN,347300000,USA,OREGON
2009,LINCOLN,364300000,USA,OREGON
2008,LINCOLN,351600000,USA,OREGON
2007,LINCOLN,373400000,USA,OREGON
2006,LINCOLN,373100000,USA,OREGON
2005,LINCOLN,385200000,USA,OREGON
2004,LINCOLN,391700000,USA,OREGON
2003,LINCOLN,385900000,USA,OREGON
2002,LINCOLN,392000000,USA,OREGON
2001,LINCOLN,383300000,USA,OREGON
2000,LINCOLN,378400000,USA,OREGON
1999,LINCOLN,376600000,USA,OREGON
1998,LINCOLN,370000000,USA,OREGON
1997,LINCOLN,361100000,USA,OREGON
1996,LINCOLN,346700000,USA,OREGON
1995,LINCOLN,327100000,USA,OREGON
1994,LINCOLN,317200000,USA,OREGON
1993,LINCOLN,329800000,USA,OREGON
1992,LINCOLN,327900000,USA,OREGON
1991,LINCOLN,331600000,USA,OREGON
2019,LINN,1197300000,USA,OREGON
2018,LINN,1192800000,USA,OREGON
2017,LINN,1158200000,USA,OREGON
2016,LINN,1160000000,USA,OREGON
2015,LINN,1139700000,USA,OREGON
2014,LINN,1078200000,USA,OREGON
2013,LINN,1051800000,USA,OREGON
2012,LINN,1027300000,USA,OREGON
2011,LINN,1040800000,USA,OREGON
2010,LINN,1050400000,USA,OREGON
2009,LINN,1056100000,USA,OREGON
2008,LINN,1028700000,USA,OREGON
2007,LINN,1097500000,USA,OREGON
2006,LINN,1083300000,USA,OREGON
2005,LINN,1081700000,USA,OREGON
2004,LINN,1090200000,USA,OREGON
2003,LINN,1086000000,USA,OREGON
2002,LINN,1101900000,USA,OREGON
2001,LINN,1039100000,USA,OREGON
2000,LINN,1034900000,USA,OREGON
1999,LINN,1025000000,USA,OREGON
1998,LINN,989500000,USA,OREGON
1997,LINN,961800000,USA,OREGON
1996,LINN,926200000,USA,OREGON
1995,LINN,897800000,USA,OREGON
1994,LINN,900300000,USA,OREGON
1993,LINN,872500000,USA,OREGON
1992,LINN,852000000,USA,OREGON
1991,LINN,828800000,USA,OREGON
2019,MALHEUR,337400000,USA,OREGON
2018,MALHEUR,333200000,USA,OREGON
2017,MALHEUR,318900000,USA,OREGON
2016,MALHEUR,308800000,USA,OREGON
2015,MALHEUR,293600000,USA,OREGON
2014,MALHEUR,276300000,USA,OREGON
2013,MALHEUR,273500000,USA,OREGON
2012,MALHEUR,269000000,USA,OREGON
2011,MALHEUR,271300000,USA,OREGON
2010,MALHEUR,270500000,USA,OREGON
2009,MALHEUR,266900000,USA,OREGON
2008,MALHEUR,253700000,USA,OREGON
2007,MALHEUR,272900000,USA,OREGON
2006,MALHEUR,275900000,USA,OREGON
2005,MALHEUR,285400000,USA,OREGON
2004,MALHEUR,287700000,USA,OREGON
2003,MALHEUR,307100000,USA,OREGON
2002,MALHEUR,329100000,USA,OREGON
2001,MALHEUR,297100000,USA,OREGON
2000,MALHEUR,294400000,USA,OREGON
1999,MALHEUR,294600000,USA,OREGON
1998,MALHEUR,290200000,USA,OREGON
1997,MALHEUR,286300000,USA,OREGON
1996,MALHEUR,273500000,USA,OREGON
1995,MALHEUR,277600000,USA,OREGON
1994,MALHEUR,279900000,USA,OREGON
1993,MALHEUR,277300000,USA,OREGON
1992,MALHEUR,274500000,USA,OREGON
1991,MALHEUR,249700000,USA,OREGON
2019,MARION,1893300000,USA,OREGON
2018,MARION,1870200000,USA,OREGON
2017,MARION,1828100000,USA,OREGON
2016,MARION,1807100000,USA,OREGON
2015,MARION,1738100000,USA,OREGON
2014,MARION,1642400000,USA,OREGON
2013,MARION,1644000000,USA,OREGON
2012,MARION,1618200000,USA,OREGON
2011,MARION,1622700000,USA,OREGON
2010,MARION,1636600000,USA,OREGON
2009,MARION,1618300000,USA,OREGON
2008,MARION,1560200000,USA,OREGON
2007,MARION,1672600000,USA,OREGON
2006,MARION,1666400000,USA,OREGON
2005,MARION,1643800000,USA,OREGON
2004,MARION,1655500000,USA,OREGON
2003,MARION,1659300000,USA,OREGON
2002,MARION,1643600000,USA,OREGON
2001,MARION,1579400000,USA,OREGON
2000,MARION,1556600000,USA,OREGON
1999,MARION,1522600000,USA,OREGON
1998,MARION,1464500000,USA,OREGON
1997,MARION,1425900000,USA,OREGON
1996,MARION,1373600000,USA,OREGON
1995,MARION,1347000000,USA,OREGON
1994,MARION,1304400000,USA,OREGON
1993,MARION,1245000000,USA,OREGON
1992,MARION,1220400000,USA,OREGON
1991,MARION,1182700000,USA,OREGON
2019,MORROW,207100000,USA,OREGON
2018,MORROW,205400000,USA,OREGON
2017,MORROW,196800000,USA,OREGON
2016,MORROW,199300000,USA,OREGON
2015,MORROW,188500000,USA,OREGON
2014,MORROW,178600000,USA,OREGON
2013,MORROW,173500000,USA,OREGON
2012,MORROW,169700000,USA,OREGON
2011,MORROW,169000000,USA,OREGON
2010,MORROW,167700000,USA,OREGON
2009,MORROW,166000000,USA,OREGON
2008,MORROW,161100000,USA,OREGON
2007,MORROW,158600000,USA,OREGON
2006,MORROW,158000000,USA,OREGON
2005,MORROW,162200000,USA,OREGON
2004,MORROW,166000000,USA,OREGON
2003,MORROW,167700000,USA,OREGON
2002,MORROW,162500000,USA,OREGON
2001,MORROW,158400000,USA,OREGON
2000,MORROW,157500000,USA,OREGON
1999,MORROW,161600000,USA,OREGON
1998,MORROW,148200000,USA,OREGON
1997,MORROW,144600000,USA,OREGON
1996,MORROW,133400000,USA,OREGON
1995,MORROW,141200000,USA,OREGON
1994,MORROW,138000000,USA,OREGON
1993,MORROW,136500000,USA,OREGON
1992,MORROW,131700000,USA,OREGON
1991,MORROW,135800000,USA,OREGON
2019,MULTNOMAH,3140200000,USA,OREGON
2018,MULTNOMAH,3117800000,USA,OREGON
2017,MULTNOMAH,3048100000,USA,OREGON
2016,MULTNOMAH,3096300000,USA,OREGON
2015,MULTNOMAH,3059600000,USA,OREGON
2014,MULTNOMAH,2933200000,USA,OREGON
2013,MULTNOMAH,2895200000,USA,OREGON
2012,MULTNOMAH,2884700000,USA,OREGON
2011,MULTNOMAH,2890400000,USA,OREGON
2010,MULTNOMAH,2940900000,USA,OREGON
2009,MULTNOMAH,2969100000,USA,OREGON
2008,MULTNOMAH,2943400000,USA,OREGON
2007,MULTNOMAH,3051500000,USA,OREGON
2006,MULTNOMAH,3069100000,USA,OREGON
2005,MULTNOMAH,3076900000,USA,OREGON
2004,MULTNOMAH,2997100000,USA,OREGON
2003,MULTNOMAH,3057300000,USA,OREGON
2002,MULTNOMAH,3195900000,USA,OREGON
2001,MULTNOMAH,3190000000,USA,OREGON
2000,MULTNOMAH,3179200000,USA,OREGON
1999,MULTNOMAH,3161800000,USA,OREGON
1998,MULTNOMAH,3099200000,USA,OREGON
1997,MULTNOMAH,3088600000,USA,OREGON
1996,MULTNOMAH,3041800000,USA,OREGON
1995,MULTNOMAH,3004700000,USA,OREGON
1994,MULTNOMAH,2881200000,USA,OREGON
1993,MULTNOMAH,2785600000,USA,OREGON
1992,MULTNOMAH,2725200000,USA,OREGON
1991,MULTNOMAH,2709600000,USA,OREGON
2019,POLK,432100000,USA,OREGON
2018,POLK,430600000,USA,OREGON
2017,POLK,424100000,USA,OREGON
2016,POLK,441300000,USA,OREGON
2015,POLK,423500000,USA,OREGON
2014,POLK,404100000,USA,OREGON
2013,POLK,409600000,USA,OREGON
2012,POLK,412900000,USA,OREGON
2011,POLK,410200000,USA,OREGON
2010,POLK,405800000,USA,OREGON
2009,POLK,401700000,USA,OREGON
2008,POLK,398800000,USA,OREGON
2007,POLK,425800000,USA,OREGON
2006,POLK,431400000,USA,OREGON
2005,POLK,440400000,USA,OREGON
2004,POLK,437500000,USA,OREGON
2003,POLK,440400000,USA,OREGON
2002,POLK,435600000,USA,OREGON
2001,POLK,431800000,USA,OREGON
2000,POLK,426400000,USA,OREGON
1999,POLK,424400000,USA,OREGON
1998,POLK,384100000,USA,OREGON
1997,POLK,376500000,USA,OREGON
1996,POLK,355700000,USA,OREGON
1995,POLK,339300000,USA,OREGON
1994,POLK,324600000,USA,OREGON
1993,POLK,329200000,USA,OREGON
1992,POLK,318300000,USA,OREGON
1991,POLK,303000000,USA,OREGON
2019,SHERMAN,131400000,USA,OREGON
2018,SHERMAN,134500000,USA,OREGON
2017,SHERMAN,126300000,USA,OREGON
2016,SHERMAN,128000000,USA,OREGON
2015,SHERMAN,120700000,USA,OREGON
2014,SHERMAN,114200000,USA,OREGON
2013,SHERMAN,114800000,USA,OREGON
2012,SHERMAN,112600000,USA,OREGON
2011,SHERMAN,111000000,USA,OREGON
2010,SHERMAN,112900000,USA,OREGON
2009,SHERMAN,112600000,USA,OREGON
2008,SHERMAN,107300000,USA,OREGON
2007,SHERMAN,117900000,USA,OREGON
2006,SHERMAN,119100000,USA,OREGON
2005,SHERMAN,118800000,USA,OREGON
2004,SHERMAN,115600000,USA,OREGON
2003,SHERMAN,116700000,USA,OREGON
2002,SHERMAN,116500000,USA,OREGON
2001,SHERMAN,114000000,USA,OREGON
2000,SHERMAN,113100000,USA,OREGON
1999,SHERMAN,113500000,USA,OREGON
1998,SHERMAN,110800000,USA,OREGON
1997,SHERMAN,109000000,USA,OREGON
1996,SHERMAN,105700000,USA,OREGON
1995,SHERMAN,105700000,USA,OREGON
1994,SHERMAN,94300000,USA,OREGON
1993,SHERMAN,93500000,USA,OREGON
1992,SHERMAN,95000000,USA,OREGON
1991,SHERMAN,90900000,USA,OREGON
2019,TILLAMOOK,263900000,USA,OREGON
2018,TILLAMOOK,261900000,USA,OREGON
2017,TILLAMOOK,241200000,USA,OREGON
2016,TILLAMOOK,243000000,USA,OREGON
2015,TILLAMOOK,237400000,USA,OREGON
2014,TILLAMOOK,224300000,USA,OREGON
2013,TILLAMOOK,219900000,USA,OREGON
2012,TILLAMOOK,217100000,USA,OREGON
2011,TILLAMOOK,214700000,USA,OREGON
2010,TILLAMOOK,223900000,USA,OREGON
2009,TILLAMOOK,228900000,USA,OREGON
2008,TILLAMOOK,241600000,USA,OREGON
2007,TILLAMOOK,258200000,USA,OREGON
2006,TILLAMOOK,256300000,USA,OREGON
2005,TILLAMOOK,261900000,USA,OREGON
2004,TILLAMOOK,273600000,USA,OREGON
2003,TILLAMOOK,265000000,USA,OREGON
2002,TILLAMOOK,269100000,USA,OREGON
2001,TILLAMOOK,263800000,USA,OREGON
2000,TILLAMOOK,259900000,USA,OREGON
1999,TILLAMOOK,248500000,USA,OREGON
1998,TILLAMOOK,243600000,USA,OREGON
1997,TILLAMOOK,241500000,USA,OREGON
1996,TILLAMOOK,222800000,USA,OREGON
1995,TILLAMOOK,222800000,USA,OREGON
1994,TILLAMOOK,218400000,USA,OREGON
1993,TILLAMOOK,220300000,USA,OREGON
1992,TILLAMOOK,215900000,USA,OREGON
1991,TILLAMOOK,206800000,USA,OREGON
2019,UMATILLA,699700000,USA,OREGON
2018,UMATILLA,703900000,USA,OREGON
2017,UMATILLA,678300000,USA,OREGON
2016,UMATILLA,684800000,USA,OREGON
2015,UMATILLA,661100000,USA,OREGON
2014,UMATILLA,626400000,USA,OREGON
2013,UMATILLA,630800000,USA,OREGON
2012,UMATILLA,626700000,USA,OREGON
2011,UMATILLA,627800000,USA,OREGON
2010,UMATILLA,606600000,USA,OREGON
2009,UMATILLA,608200000,USA,OREGON
2008,UMATILLA,581900000,USA,OREGON
2007,UMATILLA,617300000,USA,OREGON
2006,UMATILLA,619900000,USA,OREGON
2005,UMATILLA,620900000,USA,OREGON
2004,UMATILLA,624300000,USA,OREGON
2003,UMATILLA,628600000,USA,OREGON
2002,UMATILLA,627000000,USA,OREGON
2001,UMATILLA,631100000,USA,OREGON
2000,UMATILLA,631200000,USA,OREGON
1999,UMATILLA,627500000,USA,OREGON
1998,UMATILLA,593300000,USA,OREGON
1997,UMATILLA,584100000,USA,OREGON
1996,UMATILLA,538600000,USA,OREGON
1995,UMATILLA,517300000,USA,OREGON
1994,UMATILLA,517900000,USA,OREGON
1993,UMATILLA,493300000,USA,OREGON
1992,UMATILLA,493300000,USA,OREGON
1991,UMATILLA,453800000,USA,OREGON
2019,UNION,267800000,USA,OREGON
2018,UNION,269900000,USA,OREGON
2017,UNION,262100000,USA,OREGON
2016,UNION,261500000,USA,OREGON
2015,UNION,252600000,USA,OREGON
2014,UNION,233100000,USA,OREGON
2013,UNION,234200000,USA,OREGON
2012,UNION,230800000,USA,OREGON
2011,UNION,234600000,USA,OREGON
2010,UNION,235900000,USA,OREGON
2009,UNION,239200000,USA,OREGON
2008,UNION,225200000,USA,OREGON
2007,UNION,250300000,USA,OREGON
2006,UNION,239800000,USA,OREGON
2005,UNION,240500000,USA,OREGON
2004,UNION,249800000,USA,OREGON
2003,UNION,251300000,USA,OREGON
2002,UNION,247700000,USA,OREGON
2001,UNION,242100000,USA,OREGON
2000,UNION,241100000,USA,OREGON
1999,UNION,241700000,USA,OREGON
1998,UNION,232200000,USA,OREGON
1997,UNION,236200000,USA,OREGON
1996,UNION,212200000,USA,OREGON
1995,UNION,215200000,USA,OREGON
1994,UNION,219000000,USA,OREGON
1993,UNION,215900000,USA,OREGON
1992,UNION,217400000,USA,OREGON
1991,UNION,189300000,USA,OREGON
2019,WALLOWA,43700000,USA,OREGON
2018,WALLOWA,43700000,USA,OREGON
2017,WALLOWA,42500000,USA,OREGON
2016,WALLOWA,42700000,USA,OREGON
2015,WALLOWA,45100000,USA,OREGON
2014,WALLOWA,41900000,USA,OREGON
2013,WALLOWA,41900000,USA,OREGON
2012,WALLOWA,41000000,USA,OREGON
2011,WALLOWA,40800000,USA,OREGON
2010,WALLOWA,44200000,USA,OREGON
2009,WALLOWA,46100000,USA,OREGON
2008,WALLOWA,43100000,USA,OREGON
2007,WALLOWA,46400000,USA,OREGON
2006,WALLOWA,47600000,USA,OREGON
2005,WALLOWA,47900000,USA,OREGON
2004,WALLOWA,50300000,USA,OREGON
2003,WALLOWA,51900000,USA,OREGON
2002,WALLOWA,51700000,USA,OREGON
2001,WALLOWA,51500000,USA,OREGON
2000,WALLOWA,51200000,USA,OREGON
1999,WALLOWA,50400000,USA,OREGON
1998,WALLOWA,49600000,USA,OREGON
1997,WALLOWA,50700000,USA,OREGON
1996,WALLOWA,49000000,USA,OREGON
1995,WALLOWA,46800000,USA,OREGON
1994,WALLOWA,46600000,USA,OREGON
1993,WALLOWA,47100000,USA,OREGON
1992,WALLOWA,46400000,USA,OREGON
1991,WALLOWA,45700000,USA,OREGON
2019,WASCO,387800000,USA,OREGON
2018,WASCO,391700000,USA,OREGON
2017,WASCO,368800000,USA,OREGON
2016,WASCO,370200000,USA,OREGON
2015,WASCO,349600000,USA,OREGON
2014,WASCO,339900000,USA,OREGON
2013,WASCO,333900000,USA,OREGON
2012,WASCO,328700000,USA,OREGON
2011,WASCO,325100000,USA,OREGON
2010,WASCO,325900000,USA,OREGON
2009,WASCO,324300000,USA,OREGON
2008,WASCO,316300000,USA,OREGON
2007,WASCO,335900000,USA,OREGON
2006,WASCO,332800000,USA,OREGON
2005,WASCO,329500000,USA,OREGON
2004,WASCO,337600000,USA,OREGON
2003,WASCO,343300000,USA,OREGON
2002,WASCO,342700000,USA,OREGON
2001,WASCO,323300000,USA,OREGON
2000,WASCO,319000000,USA,OREGON
1999,WASCO,334900000,USA,OREGON
1998,WASCO,324800000,USA,OREGON
1997,WASCO,318000000,USA,OREGON
1996,WASCO,308900000,USA,OREGON
1995,WASCO,302700000,USA,OREGON
1994,WASCO,300100000,USA,OREGON
1993,WASCO,280800000,USA,OREGON
1992,WASCO,278600000,USA,OREGON
1991,WASCO,273400000,USA,OREGON
2019,WASHINGTON,1864200000,USA,OREGON
2018,WASHINGTON,1848000000,USA,OREGON
2017,WASHINGTON,1817300000,USA,OREGON
2016,WASHINGTON,1821100000,USA,OREGON
2015,WASHINGTON,1780400000,USA,OREGON
2014,WASHINGTON,1718300000,USA,OREGON
2013,WASHINGTON,1733400000,USA,OREGON
2012,WASHINGTON,1711400000,USA,OREGON
2011,WASHINGTON,1713300000,USA,OREGON
2010,WASHINGTON,1761400000,USA,OREGON
2009,WASHINGTON,1823900000,USA,OREGON
2008,WASHINGTON,1845200000,USA,OREGON
2007,WASHINGTON,1834600000,USA,OREGON
2006,WASHINGTON,1818400000,USA,OREGON
2005,WASHINGTON,1831200000,USA,OREGON
2004,WASHINGTON,1833100000,USA,OREGON
2003,WASHINGTON,1830100000,USA,OREGON
2002,WASHINGTON,1888300000,USA,OREGON
2001,WASHINGTON,1877900000,USA,OREGON
2000,WASHINGTON,1853900000,USA,OREGON
1999,WASHINGTON,1843200000,USA,OREGON
1998,WASHINGTON,1810400000,USA,OREGON
1997,WASHINGTON,1741500000,USA,OREGON
1996,WASHINGTON,1762900000,USA,OREGON
1995,WASHINGTON,1619300000,USA,OREGON
1994,WASHINGTON,1554900000,USA,OREGON
1993,WASHINGTON,1519100000,USA,OREGON
1992,WASHINGTON,1458200000,USA,OREGON
1991,WASHINGTON,1560500000,USA,OREGON
2019,WHEELER,20200000,USA,OREGON
2018,WHEELER,20300000,USA,OREGON
2017,WHEELER,21000000,USA,OREGON
2016,WHEELER,20500000,USA,OREGON
2015,WHEELER,19600000,USA,OREGON
2014,WHEELER,19800000,USA,OREGON
2013,WHEELER,19700000,USA,OREGON
2012,WHEELER,19800000,USA,OREGON
2011,WHEELER,20100000,USA,OREGON
2010,WHEELER,20800000,USA,OREGON
2009,WHEELER,21300000,USA,OREGON
2008,WHEELER,20700000,USA,OREGON
2007,WHEELER,22100000,USA,OREGON
2006,WHEELER,22800000,USA,OREGON
2005,WHEELER,24500000,USA,OREGON
2004,WHEELER,25100000,USA,OREGON
2003,WHEELER,25500000,USA,OREGON
2002,WHEELER,25000000,USA,OREGON
2001,WHEELER,25000000,USA,OREGON
2000,WHEELER,24800000,USA,OREGON
1999,WHEELER,26800000,USA,OREGON
1998,WHEELER,26600000,USA,OREGON
1997,WHEELER,26500000,USA,OREGON
1996,WHEELER,27200000,USA,OREGON
1995,WHEELER,27500000,USA,OREGON
1994,WHEELER,27600000,USA,OREGON
1993,WHEELER,21200000,USA,OREGON
1992,WHEELER,20800000,USA,OREGON
1991,WHEELER,20300000,USA,OREGON
2019,YAMHILL,457400000,USA,OREGON
2018,YAMHILL,477900000,USA,OREGON
2017,YAMHILL,465400000,USA,OREGON
2016,YAMHILL,446000000,USA,OREGON
2015,YAMHILL,440800000,USA,OREGON
2014,YAMHILL,416800000,USA,OREGON
2013,YAMHILL,406400000,USA,OREGON
2012,YAMHILL,421800000,USA,OREGON
2011,YAMHILL,416500000,USA,OREGON
2010,YAMHILL,419600000,USA,OREGON
2009,YAMHILL,407200000,USA,OREGON
2008,YAMHILL,403400000,USA,OREGON
2007,YAMHILL,430700000,USA,OREGON
2006,YAMHILL,443200000,USA,OREGON
2005,YAMHILL,431900000,USA,OREGON
2004,YAMHILL,426500000,USA,OREGON
2003,YAMHILL,432400000,USA,OREGON
2002,YAMHILL,417100000,USA,OREGON
2001,YAMHILL,411600000,USA,OREGON
2000,YAMHILL,411100000,USA,OREGON
1999,YAMHILL,416000000,USA,OREGON
1998,YAMHILL,415000000,USA,OREGON
1997,YAMHILL,406300000,USA,OREGON
1996,YAMHILL,386200000,USA,OREGON
1995,YAMHILL,360700000,USA,OREGON
1994,YAMHILL,353000000,USA,OREGON
1993,YAMHILL,325400000,USA,OREGON
1992,YAMHILL,321900000,USA,OREGON
1991,YAMHILL,316500000,USA,OREGON